ID,Country,TweakCategory,Crops_baseline_2050,Crops_target_2050,Crops_relchange_pct,TreeCrops_baseline_2050,TreeCrops_target_2050,TreeCrops_relchange_pct,Forest_baseline_2050,Forest_target_2050,Forest_relchange_pct,Grassland_baseline_2050,Grassland_target_2050,Grassland_relchange_pct,Urban_baseline_2050,Urban_target_2050,Urban_relchange_pct,Water_baseline_2050,Water_target_2050,Water_relchange_pct,Other_baseline_2050,Other_target_2050,Other_relchange_pct
ABW,ABW,Small Island States,0.0,0.0,0.0,0.0,0.0,0.0,0.0,0.0,0.0,37.8019,35.911805,-5.000000000000006,92.1981,92.1981,0.0,4.0,4.0,0.0,6.0,7.890095000000007,31.501583333333443
AFG,AFG,Very low-forest countries,78655.6371,70790.07339,-10.000000000000002,1476.937,1432.62889,-2.9999999999999964,11513.6027,11743.874754,2.0000000000000084,300064.7877,246053.12591399997,-18.000000000000004,1138.3422,1138.3422,0.0,764.0,764.0,0.0,249872.6932,311563.9547520001,24.689076970336227
AGO,AGO,Highly agricultural economies,61629.4143,55466.47287,-10.0,1499.0908,1454.118076,-2.9999999999999982,560395.8213,605227.487004,8.000000000000009,613557.4862,503117.138684,-18.000000000000004,1519.691,1519.691,0.0,1323.0,1323.0,0.0,10690.4964,82507.09236599985,671.7798059031182
AIA,AIA,Small Island States,0.0,0.0,0.0,0.0,0.0,0.0,34.0,34.48056537102474,1.4134275618374659,5.0,4.587750294464075,-8.244994110718498,2.0,1.9316843345111896,-3.4157832744405203,3.0,3.0,0.0,0.0,0.0,0.0
ALA,ALA,Small Island States,244.6569,232.36341971305495,-5.0247838041539215,0.0,0.0,0.0,373.1051,391.658151716699,4.972607374356188,26.994,25.637609859906686,-5.024783804153938,13.3443,13.340818710339251,-0.026088214898866584,40.0,40.0,0.0,4.8997,0.0,-100.0
ALB,ALB,Highly agricultural economies,5897.5513,5307.7961700000005,-9.999999999999993,0.4212,0.408564,-3.0000000000000084,8390.1696,9061.383168,8.000000000000012,10675.341,8753.77962,-18.000000000000007,377.2012,377.2012,0.0,679.0,679.0,0.0,2130.3156,3970.4311779999935,86.37760423854539
AND,AND,Small Island States,0.0,0.0,0.0,0.0,0.0,0.0,159.9708,167.96934000000002,5.000000000000012,233.33,221.6635,-5.000000000000005,27.6448,27.6448,0.0,0.0,0.0,0.0,23.0544,26.722359999999956,15.910021514331124
ARE,ARE,Very low-forest countries,622.5966,560.33694,-9.999999999999991,0.0,0.0,0.0,1219.2648,1243.6500959999998,1.9999999999999942,4111.1518,3371.1444759999995,-18.000000000000004,2220.2141,2220.2141,0.0,168.0,168.0,0.0,62297.7726,63075.654288,1.2486508835470007
ARG,ARG,Highly agricultural economies,378289.9481,340460.95329,-10.000000000000002,1780.4027,1726.9906190000002,-2.999999999999997,252720.358,272937.98664,8.000000000000004,1437836.018,1179025.53476,-18.0,16021.8258,16021.8258,0.0,29591.0,29591.0,0.0,670050.4476,946525.7090909998,41.261857593153536
ARM,ARM,Highly agricultural economies,4171.675,3754.5075,-10.0,1166.3571,1131.3663869999998,-3.0000000000000124,3287.0323,3549.994884,8.00000000000001,14869.8505,12193.277409999999,-18.00000000000001,847.7793,847.7793,0.0,1400.0,1400.0,0.0,3894.3059,6760.074619000002,73.58869058026495
ASM,ASM,Small Island States,2.0,1.8147612156295223,-9.261939218523885,0.0,0.0,0.0,95.0,95.27496382054993,0.28943560057887163,0.0,0.0,0.0,2.0,1.9102749638205498,-4.486251808972508,2.0,2.0,0.0,0.0,0.0,0.0
ATG,ATG,Small Island States,29.0,27.549999999999997,-5.00000000000001,0.0,0.0,0.0,66.1561,69.463905,5.000000000000003,164.0,155.79999999999998,-5.000000000000011,67.8439,67.8439,0.0,28.0,28.0,0.0,6.0,12.342195000000007,105.70325000000011
AUS,AUS,Highly agricultural economies,348837.5954,313953.83586,-10.0,139.5451,135.358747,-2.999999999999998,1492290.777,1611674.0391600002,8.00000000000001,5441047.736,4461659.143519999,-18.000000000000004,17805.6842,17805.6842,0.0,12608.0,12608.0,0.0,380698.6628,1275591.9390130008,235.06604137538903
AUT,AUT,No specific tweak,12231.1856,11008.067040000002,-9.999999999999991,478.3154,463.965938,-3.0000000000000036,40549.1884,43793.123472,8.0,22291.6746,18279.173172,-18.0,4349.6858,4349.6858,0.0,493.0,493.0,0.0,3702.9502,5708.984578000007,54.17394967936664
AZE,AZE,Highly agricultural economies,25333.0225,22799.72025,-10.000000000000004,6024.4901,5843.755397,-3.0000000000000013,13058.2069,14102.863452,8.000000000000004,26377.6256,21629.652992,-18.0,2834.1478,2834.1478,0.0,1025.0,1025.0,0.0,11076.5071,17493.860109000016,57.9366126077779
BDI,BDI,Highly agricultural economies,2969.1996,2672.27964,-9.999999999999991,10724.3167,10402.587199,-2.9999999999999982,3154.6212,3406.9908960000002,8.000000000000005,7875.1485,6457.62177,-18.000000000000004,187.8567,187.8567,0.0,2373.0,2373.0,0.0,2.8572,1786.6636949999956,62431.97868542613
BEL,BEL,Highly agricultural economies,7841.2038,7057.08342,-10.000000000000004,1.9008,1.843776,-2.9999999999999982,6919.2607,7472.801556,8.000000000000009,8747.878,7173.25996,-18.000000000000004,6969.5023,6969.5023,0.0,93.0,93.0,0.0,35.2545,1840.509088000003,5120.635913145848
BEN,BEN,Highly agricultural economies,47946.1068,43151.49612,-9.999999999999995,1022.1616,991.496752,-3.0000000000000004,17928.6819,19362.976452000003,8.000000000000016,48241.2933,39557.860506,-18.000000000000004,1145.762,1145.762,0.0,319.0,319.0,0.0,75.9944,12150.40816999998,15888.557275272891
BFA,BFA,Highly agricultural economies,75064.337,67557.9033,-9.999999999999993,0.0,0.0,0.0,21124.4077,22814.360316000002,8.00000000000001,159099.7234,130461.77318799998,-18.000000000000007,2368.0533,2368.0533,0.0,795.0,795.0,0.0,15851.4785,50305.909796000036,217.35784012828861
BGD,BGD,Highly agricultural economies,75902.406,68312.1654,-10.000000000000005,29868.4065,28972.354305,-3.0000000000000004,10876.9108,11747.063664000001,8.000000000000014,8175.0948,6703.577735999999,-18.000000000000007,1893.9169,1893.9169,0.0,5982.0,5982.0,0.0,1349.265,10436.921994999997,673.5264751549915
BGR,BGR,Highly agricultural economies,40559.4663,36503.51967,-9.999999999999996,1493.0286,1448.237742,-3.0000000000000044,41340.9666,44648.243928,8.000000000000009,23398.3185,19186.62117,-18.00000000000001,4481.0,4481.0,0.0,934.0,934.0,0.0,341.22,5346.377489999995,1466.8417707051153
BHR,BHR,Small Island States,5.0,4.75,-5.0,0.0,0.0,0.0,5.0,5.1,1.9999999999999927,33.0,31.349999999999998,-5.000000000000006,291.2548,291.2548,0.0,6.0,6.0,0.0,184.7452,186.54520000000002,0.9743148942435371
BHS,BHS,High-forest countries,4.0,3.6,-9.999999999999998,39.9578,38.759066,-3.0000000000000044,5773.8841,6235.794828000001,8.000000000000012,2059.1504,1688.5033279999998,-18.00000000000001,68.9955,68.9955,0.0,2137.0,2137.0,0.0,645.0121,555.3471779999998,-13.901277510918053
BIH,BIH,Highly agricultural economies,8482.0407,7633.83663,-9.999999999999998,4341.162,4210.92714,-3.000000000000011,20109.0783,21717.804564000002,8.000000000000004,17915.3394,14690.578308,-18.000000000000004,650.3511,650.3511,0.0,140.0,140.0,0.0,167.0285,2761.502257999993,1553.3120144166971
BLR,BLR,Highly agricultural economies,61032.834,54929.5506,-10.0,2.0426,1.981322,-3.000000000000008,92977.5139,100415.71501200002,8.00000000000001,46724.7897,38314.327553999996,-18.00000000000001,3890.3074,3890.3074,0.0,1425.0,1425.0,0.0,1077.5125,8153.11821199999,656.6611256945965
BLZ,BLZ,Highly agricultural economies,1546.6233,1391.96097,-9.999999999999993,622.5866,603.909002,-2.9999999999999987,9915.4846,10708.723368,8.00000000000001,9072.4625,7439.419249999999,-18.000000000000007,306.5632,306.5632,0.0,358.0,358.0,0.0,616.2798,1629.4242099999997,164.3968226769723
BMU,BMU,Small Island States,0.0,0.0,0.0,0.0,0.0,0.0,11.0,11.55,5.000000000000006,0.0,0.0,0.0,1.0,1.0,0.0,27.0,27.0,0.0,4.0,3.450000000000001,-13.749999999999973
BOL,BOL,No specific tweak,69232.7612,62309.48508,-9.999999999999993,16.2157,15.729228999999998,-2.9999999999999996,468400.1536,505872.16588800005,8.000000000000005,441531.2116,362055.59351199993,-18.00000000000001,1644.8433,1644.8433,0.0,10667.0,10667.0,0.0,101224.8146,150152.18299100013,48.33534996763543
BRA,BRA,High-forest countries,787431.3723,708688.23507,-10.0,31427.0159,30484.205423,-2.9999999999999973,4845217.99,5232835.4292,7.999999999999997,2702646.873,2216170.43586,-18.000000000000004,30843.4805,30843.4805,0.0,100839.0,100839.0,0.0,14110.2677,192655.2133469989,1265.354771738306
BRB,BRB,Small Island States,37.737,35.85015,-5.000000000000006,0.0,0.0,0.0,63.0,66.15,5.000000000000009,91.721,87.13495,-5.0,162.0657,162.0657,0.0,5.0,5.0,0.0,1.4762,4.799099999999928,225.098225172736
BRN,BRN,High-forest countries,54.8226,49.340340000000005,-9.999999999999993,84.1026,81.579522,-2.999999999999998,3515.0755,3796.28154,8.000000000000002,757.0401,620.772882,-18.000000000000007,415.6667,415.6667,0.0,20.0,20.0,0.0,729.2926,592.359116,-18.77620642249764
BTN,BTN,High-forest countries,710.1534,639.13806,-10.000000000000005,122.204,118.53787999999999,-3.0000000000000053,23949.9589,25865.955612,8.0,10814.398,8867.806359999999,-18.000000000000007,79.9827,79.9827,0.0,47.0,47.0,0.0,4249.303,4354.579388000001,2.4774977919908547
BWA,BWA,Highly agricultural economies,2311.7587,2080.58283,-10.000000000000002,1.851,1.79547,-3.0000000000000044,36070.6177,38956.267116,8.0,536855.2507,440221.30557399994,-18.000000000000007,604.2125,604.2125,0.0,134.0,134.0,0.0,5923.3095,99902.83660999997,1586.605040813754
CAF,CAF,Highly agricultural economies,2499.8014,2249.8212599999997,-10.000000000000005,38.5908,37.433076,-3.0000000000000044,215272.3609,232494.149772,8.000000000000002,403580.3673,330935.901186,-18.000000000000004,391.8796,391.8796,0.0,524.0,524.0,0.0,60.0,55733.81510600001,92789.69184333335
CAN,CAN,No specific tweak,423835.6917,381452.12253000005,-9.999999999999993,205.1236,198.96989200000002,-2.9999999999999973,3810508.198,4115348.85384,8.000000000000004,2763247.952,2265863.32064,-18.0,17133.201,17133.201,0.0,760378.0,760378.0,0.0,2038992.834,2273926.532398,11.522046300531523
CHE,CHE,No specific tweak,3950.8665,3555.7798500000004,-9.999999999999993,75.202,72.94594,-3.0000000000000067,14184.6799,15319.454292,8.000000000000009,13901.0992,11398.901344,-18.000000000000004,3038.7899,3038.7899,0.0,1447.0,1447.0,0.0,4701.3626,6466.128774000004,37.53733383593947
CHL,CHL,No specific tweak,8935.2114,8041.69026,-9.999999999999998,6957.3356,6748.615532,-3.0000000000000075,179636.3723,194007.282084,8.00000000000001,158148.7867,129682.005094,-18.000000000000004,3040.9246,3040.9246,0.0,15692.0,15692.0,0.0,343159.3694,358357.48243,4.428878936504989
CHN,CHN,Highly agricultural economies,1179439.607,1061495.6463000001,-9.999999999999993,282339.4888,273869.304136,-3.0000000000000004,2225816.283,2403881.58564,8.000000000000016,3611762.792,2961645.4894399997,-18.000000000000007,162308.1984,162308.1984,0.0,121962.0,121962.0,0.0,1802165.631,2400631.776284,33.2081654976362
CIV,CIV,Very low-forest countries,166909.3397,150218.40573000003,-9.99999999999999,24575.1491,23837.894626999998,-3.0000000000000036,15544.1805,15855.064110000001,2.000000000000005,110214.786,90376.12451999998,-18.00000000000001,3513.1358,3513.1358,0.0,1717.0,1717.0,0.0,315.4089,37271.37521299999,11716.843219389177
CMR,CMR,Highly agricultural economies,60218.9391,54197.045190000004,-9.999999999999998,768.024,744.98328,-2.9999999999999956,183235.9556,197894.832048,8.000000000000014,213672.2293,175211.228026,-18.000000000000004,4872.3105,4872.3105,0.0,2162.0,2162.0,0.0,1747.5415,31594.60095599992,1707.9456743087312
COD,COD,Highly agricultural economies,55604.8123,50044.33107,-9.999999999999996,5037.1101,4885.996797,-3.0000000000000018,1116196.9,1205492.652,8.000000000000009,1117745.435,916551.2567,-18.000000000000004,5965.832,5965.832,0.0,36403.0,36403.0,0.0,2841.9105,120451.93133300026,4138.413958954734
COG,COG,High-forest countries,1311.925,1180.7325,-9.999999999999991,0.0,0.0,0.0,218887.2412,236398.220496,8.000000000000004,123122.0514,100960.08214799999,-18.000000000000007,725.7816,725.7816,0.0,2825.0,2825.0,0.0,703.0008,5485.183256000013,680.2527758147662
COK,COK,Small Island States,0.0,0.0,0.0,0.0,0.0,0.0,39.0,39.13310580204778,0.34129692832764047,0.0,0.0,0.0,3.0,2.866894197952218,-4.436860068259399,3.0,3.0,0.0,0.0,0.0,0.0
COL,COL,No specific tweak,121938.4364,109744.59276000001,-9.999999999999993,10397.1802,10085.264794,-3.0000000000000004,556421.8985,600935.65038,7.999999999999999,430907.2224,353343.922368,-18.0,4130.3394,4130.3394,0.0,5844.0,5844.0,0.0,9621.9231,55177.23029800002,473.45324551596156
COM,COM,Highly agricultural economies,91.3378,82.20402,-10.000000000000002,0.0,0.0,0.0,197.0395,212.80266000000003,8.000000000000014,880.3025,721.84805,-18.000000000000007,196.3202,196.3202,0.0,27.0,27.0,0.0,38.0,189.82506999999987,399.53965789473654
CPV,CPV,No specific tweak,365.0319,328.52871,-10.000000000000005,0.0,0.0,0.0,280.3009,302.72497200000004,8.000000000000009,698.1241,572.461762,-17.999999999999996,16.0,16.0,0.0,37.0,37.0,0.0,1988.543,2128.2844560000003,7.02732885333636
CRI,CRI,High-forest countries,2068.8455,1861.96095,-10.0,1016.1608,985.675976,-3.0000000000000004,30921.5911,33395.31838800001,8.000000000000016,15238.3581,12495.453641999999,-18.000000000000007,1216.2167,1216.2167,0.0,202.0,202.0,0.0,178.8277,685.3742439999891,283.2595531900198
CUB,CUB,Highly agricultural economies,21058.5383,18952.68447,-10.0,12276.9341,11908.626077,-2.9999999999999964,38884.1421,41994.873468,8.000000000000002,31267.8439,25639.631997999997,-18.000000000000007,938.9449,938.9449,0.0,1823.0,1823.0,0.0,356.5968,5348.239187000005,1399.8001067311889
CUW,CUW,Small Island States,3.0,2.8499999999999996,-5.000000000000012,0.0,0.0,0.0,1.0,1.02,2.0000000000000018,256.1487,243.341265,-5.00000000000001,103.8513,103.8513,0.0,15.0,15.0,0.0,1.0,13.937434999999976,1293.7434999999975
CYM,CYM,Small Island States,0.0,0.0,0.0,0.0,0.0,0.0,91.0828,95.63694000000001,5.0000000000000036,18.0,17.099999999999998,-5.000000000000012,22.0,22.0,0.0,21.0,21.0,0.0,11.9172,8.263060000000028,-30.662739569697344
CYP,CYP,No specific tweak,241.7218,217.54962,-10.0,23.9857,23.266129,-3.000000000000008,1182.4657,1277.062956,8.000000000000002,2188.4304,1794.512928,-18.000000000000004,659.4546,659.4546,0.0,40.0,40.0,0.0,1078.9418,1403.153767,30.049069097146848
CZE,CZE,Highly agricultural economies,20816.5799,18734.92191,-9.999999999999998,4.5582,4.421454,-3.00000000000001,29131.021,31461.50268,8.000000000000004,22522.8771,18468.759222,-18.000000000000004,5348.8458,5348.8458,0.0,304.0,304.0,0.0,531.1181,4336.549034000012,716.4943039975501
DEU,DEU,Highly agricultural economies,114138.1629,102724.34661,-10.000000000000002,1501.5511,1456.504567,-2.9999999999999973,117068.6753,126434.16932400002,8.00000000000001,80276.9863,65827.128766,-18.00000000000001,37853.1368,37853.1368,0.0,3088.0,3088.0,0.0,1495.4875,18038.71383299999,1106.209602754954
DJI,DJI,Very low-forest countries,22.1662,19.94958,-9.999999999999995,0.0,0.0,0.0,14.0,14.280000000000001,2.000000000000008,18344.2541,15042.288361999998,-18.000000000000004,14.7995,14.7995,0.0,157.0,157.0,0.0,3058.7802,6362.682558000003,108.01372252900039
DMA,DMA,Small Island States,0.0,0.0,0.0,53.1854,50.75933528114132,-4.5615238747075,449.1674,464.0334514455432,3.309690651089824,139.6472,130.52917695882215,-6.529327506156836,20.0,19.678036314493298,-1.6098184275335115,3.0,3.0,0.0,3.0,0.0,-100.0
DNK,DNK,Highly agricultural economies,22774.2613,20496.83517,-10.0,8.47,8.2159,-3.000000000000013,6982.6911,7541.306388000001,8.000000000000012,6687.9307,5484.103174,-18.000000000000004,2479.7306,2479.7306,0.0,788.0,788.0,0.0,180.9163,3103.8087679999944,1615.6048227826873
DOM,DOM,Highly agricultural economies,9125.1066,8212.59594,-10.0,5139.4188,4985.236236000001,-2.9999999999999947,20913.2868,22586.349744000003,8.000000000000004,9473.2305,7768.049009999999,-18.00000000000001,1410.8881,1410.8881,0.0,605.0,605.0,0.0,1010.0692,2108.880969999993,108.785791112133
DZA,DZA,Very low-forest countries,79219.69,71297.721,-9.999999999999996,12295.1309,11926.276973,-3.000000000000001,19151.9991,19535.039082000003,2.0000000000000107,222792.3562,182689.732084,-18.000000000000007,3475.9379,3475.9379,0.0,812.0,812.0,0.0,1989078.886,2037089.2930609998,2.4137005022233136
ECU,ECU,Highly agricultural economies,15911.7477,14320.57293,-9.999999999999998,11114.8039,10781.359783,-3.000000000000008,99596.5828,107564.309424,8.000000000000004,105499.9828,86509.985896,-18.0,3918.8767,3918.8767,0.0,2385.0,2385.0,0.0,16099.0061,29045.895266999993,80.42042525221474
EGY,EGY,Very low-forest countries,29977.9877,26980.18893,-10.000000000000004,15562.393,15095.521209999999,-3.0000000000000067,345.3557,352.262814,1.9999999999999938,779.0495,638.8205899999999,-18.000000000000004,5661.335,5661.335,0.0,8463.0,8463.0,0.0,943245.8791,946843.871456,0.3814479803964831
ERI,ERI,Very low-forest countries,8569.6488,7712.683920000001,-9.999999999999993,0.0,0.0,0.0,2030.3511,2070.958122,1.9999999999999958,84084.9036,68949.620952,-18.000000000000007,56.0529,56.0529,0.0,142.0,142.0,0.0,27969.0435,43920.68400599999,57.03319995909044
ESH,ESH,Very low-forest countries,0.0,0.0,0.0,0.0,0.0,0.0,0.0,0.0,0.0,18472.0,15147.039999999999,-18.000000000000004,0.0,0.0,0.0,1.0,1.0,0.0,72623.0,75947.96,4.578384258430534
ESP,ESP,Highly agricultural economies,164951.1829,148456.06461000003,-9.99999999999999,21984.572,21325.03484,-2.999999999999999,166039.5101,179322.67090800003,8.000000000000009,124723.2751,102273.085582,-18.0,7257.8906,7257.8906,0.0,2759.0,2759.0,0.0,16572.5693,42894.25345999992,158.82681606888752
EST,EST,High-forest countries,6541.374,5887.2366,-9.999999999999995,5.584,5.416479999999999,-3.00000000000001,27016.4968,29177.816544,8.000000000000002,8150.6042,6683.495443999999,-18.000000000000007,432.0868,432.0868,0.0,2074.0,2074.0,0.0,282.8542,242.9481319999947,-14.108352642458657
ETH,ETH,Highly agricultural economies,289524.7709,260572.29381,-10.0,42671.6685,41391.518445,-2.999999999999996,140870.6246,152140.27456800002,8.000000000000009,576746.3784,472932.030288,-18.000000000000004,1425.0647,1425.0647,0.0,8292.0,8292.0,0.0,74794.4929,197571.81818900004,164.1528948570491
FIN,FIN,High-forest countries,22294.8701,19378.350964529505,-13.081570434763353,0.0,0.0,0.0,246686.8919,257299.64685932753,4.302115478283971,33848.8147,26805.67077135924,-20.807653062784386,1297.7664,1253.3313047836748,-3.4239671497370545,25398.0,25398.0,0.0,608.6568,0.0,-100.0
FJI,FJI,High-forest countries,549.2687,487.41939470563744,-11.260300340136354,321.4018,307.39406917861527,-4.35832369992474,12525.6956,13338.317586898507,6.487639591836386,3339.0809,2699.704552098994,-19.148273643235353,122.8852,121.1643971182475,-1.400333711262618,209.0,209.0,0.0,95.6678,0.0,-100.0
FLK,FLK,Very low-forest countries,0.0,0.0,0.0,0.0,0.0,0.0,0.0,0.0,0.0,9781.5165,8020.843529999999,-18.000000000000004,0.0,0.0,0.0,229.0,229.0,0.0,20.4835,1781.1564700000006,8595.567017355435
FRO,FRO,Small Island States,0.0,0.0,0.0,0.0,0.0,0.0,1.0,1.02,2.0000000000000018,780.0,741.0,-5.0,5.0,5.0,0.0,35.0,35.0,0.0,12.0,50.980000000000025,324.83333333333354
FSM,FSM,Small Island States,0.0,0.0,0.0,0.0,0.0,0.0,374.0,392.7,4.9999999999999964,0.0,0.0,0.0,0.0,0.0,0.0,8.0,8.0,0.0,26.0,7.299999999999994,-71.92307692307695
GAB,GAB,High-forest countries,244.5919,208.12668812924161,-14.908593404261708,108.2011,99.23082533755505,-8.290372891259839,237742.7337,242758.3634213884,2.1096879148859533,19842.4317,15383.38608198834,-22.472273990549564,328.8273,310.89308315643126,-5.4539926714018945,1804.0,1804.0,0.0,493.2144,0.0,-100.0
GBR,GBR,Highly agricultural economies,60234.2976,54210.86784,-10.0,1.8118,1.757446,-3.0000000000000004,29883.3954,32274.067032000003,8.000000000000004,128163.8446,105094.35257199999,-18.000000000000007,14872.8371,14872.8371,0.0,2425.0,2425.0,0.0,600.8135,27303.11801000001,4444.358275904255
GEO,GEO,Highly agricultural economies,3845.3807,3460.84263,-10.0,2481.4538,2407.0101859999995,-3.00000000000001,27031.5506,29194.074648,8.00000000000001,29555.1983,24235.262606,-18.0,1539.0,1539.0,0.0,247.0,247.0,0.0,4522.4167,8138.810030000007,79.96594674701267
GGY,GGY,Small Island States,0.0,0.0,0.0,0.0,0.0,0.0,0.0,0.0,0.0,34.692,32.9574,-5.000000000000001,5.0,5.0,0.0,1.7965,1.7965,0.0,0.0,1.7346000000000004,inf
GHA,GHA,Highly agricultural economies,96379.1705,86741.25344999999,-10.000000000000005,13505.0082,13099.857954,-3.000000000000008,35360.5429,38189.386332,8.000000000000004,82813.5766,67907.132812,-18.000000000000004,3677.627,3677.627,0.0,7552.0,7552.0,0.0,54.0749,22174.742552000018,40907.459194561656
GIN,GIN,Highly agricultural economies,34887.5323,31398.77907,-9.999999999999996,4823.0601,4678.368297,-2.999999999999994,46784.4193,50527.17284400001,8.000000000000014,157100.9516,128822.78031199999,-18.000000000000007,934.8438,934.8438,0.0,463.0,463.0,0.0,100.1928,28269.055577,28114.65771692177
GMB,GMB,Highly agricultural economies,5533.6071,4980.24639,-9.999999999999998,0.0,0.0,0.0,2079.9139,2246.307012,8.00000000000001,2272.3923,1863.361686,-18.000000000000004,201.0867,201.0867,0.0,128.0,128.0,0.0,4.0,799.9982120000003,19899.95530000001
GNB,GNB,High-forest countries,3420.9139,3078.82251,-10.000000000000002,886.3118,859.7224459999999,-3.000000000000008,19438.3695,20993.43906,7.999999999999999,7386.3207,6056.782974,-18.000000000000004,88.097,88.097,0.0,392.0,392.0,0.0,11.9871,155.13600999999417,1194.1913390227342
GNQ,GNQ,High-forest countries,13.7493,12.043934979572734,-12.403286134037847,155.8633,147.15021672817198,-5.590208388907476,22448.6668,23597.153308223085,5.116056639154563,2751.4947,2195.9772558942364,-20.189660699901175,537.0153,522.6752841749313,-2.670317926708734,78.0,78.0,0.0,568.2106,0.0,-100.0
GRC,GRC,Highly agricultural economies,23338.8449,21004.96041,-10.000000000000002,786.7854,763.181838,-3.0000000000000013,39986.4283,43185.342564000006,8.000000000000016,55521.4687,45527.604333999996,-18.000000000000004,2294.0,2294.0,0.0,2004.0,2004.0,0.0,2958.4727,12110.91085399999,309.3636170446998
GRD,GRD,Small Island States,0.0,0.0,0.0,33.003,31.257021229116127,-5.29036381808888,186.1445,190.83671923584478,2.5207401969141117,32.8525,30.472947490030137,-7.243139821839624,24.0,23.43331204500894,-2.3611998124627513,1.0,1.0,0.0,0.0,0.0,0.0
GRL,GRL,Very low-forest countries,0.0,0.0,0.0,0.0,0.0,0.0,14.0,14.280000000000001,2.000000000000008,56436.5083,46277.936806,-18.000000000000004,13.0,13.0,0.0,25030.0,25030.0,0.0,2013378.492,2023536.783494,0.5045395852972092
GTM,GTM,Highly agricultural economies,8112.1204,7300.90836,-9.999999999999993,28367.2242,27516.207474,-3.0000000000000058,26504.722,28625.099760000005,8.00000000000001,40354.877,33090.99914,-18.000000000000004,3022.2811,3022.2811,0.0,1132.0,1132.0,0.0,1208.7754,8014.504265999991,563.0267513716767
GUM,GUM,Small Island States,2.0,1.8749910192797685,-6.250449036011574,0.0,0.0,0.0,263.9243,273.47288257009706,3.617924749671417,83.4812,78.26325013934911,-6.250449036011569,91.5945,90.38887627127409,-1.3162621431700712,9.0,9.0,0.0,3.0,0.0,-100.0
GUY,GUY,High-forest countries,1623.3596,1383.4779833395553,-14.776862542374758,0.0,0.0,0.0,196471.7598,200927.27750372316,2.2677649491502962,11780.2078,9147.066002971187,-22.35225253860813,72.0,68.17850996610018,-5.307625047083084,458.0,458.0,0.0,1578.6728,0.0,-100.0
HKG,HKG,Small Island States,2.7108,2.5752599999999997,-5.000000000000008,0.0,0.0,0.0,3.0,3.06,2.0000000000000018,316.4582,300.63528999999994,-5.0000000000000115,487.831,487.831,0.0,53.0,53.0,0.0,29.0,44.89845000000007,54.822241379310576
HMD,HMD,Small Island States,0.1064,0.10107999999999999,-5.000000000000005,0.0,0.0,0.0,0.0,0.0,0.0,82.6498,78.51731,-5.000000000000005,0.0,0.0,0.0,29.0,29.0,0.0,232.2438,236.38161,1.7816665073513274
HND,HND,High-forest countries,3063.5514,2757.1962599999997,-10.000000000000005,11393.7423,11051.930031,-3.0000000000000004,56114.3057,60603.450156,8.000000000000004,39006.4411,31985.281701999997,-18.000000000000004,1403.7494,1403.7494,0.0,962.0,962.0,0.0,339.2101,3519.392450999991,937.5258434227021
HRV,HRV,Highly agricultural economies,9397.214,8457.4926,-10.000000000000004,6.4967,6.301799,-2.9999999999999964,19733.3209,21311.986572,8.000000000000016,22255.1525,18249.225049999997,-18.000000000000014,1516.0,1516.0,0.0,345.0,345.0,0.0,629.816,3996.994079000002,534.6288565231754
HTI,HTI,Highly agricultural economies,8344.0682,7509.66138,-10.000000000000002,2086.2737,2023.6854890000002,-3.0,1933.3686,2088.0380880000002,8.00000000000001,10397.8409,8526.229538,-17.999999999999996,751.8567,751.8567,0.0,288.0,288.0,0.0,2299.592,4913.528904999997,113.66959464983341
HUN,HUN,Highly agricultural economies,38337.279,34503.551100000004,-9.999999999999993,137.5198,133.394206,-3.000000000000005,25202.5405,27218.74374,8.00000000000001,20665.3239,16945.565597999997,-18.00000000000001,6750.9221,6750.9221,0.0,1106.0,1106.0,0.0,959.4148,6500.823356000003,577.5821423642831
IDN,IDN,Highly agricultural economies,157225.2473,141502.72256999998,-10.000000000000004,674864.6985,654618.7575450001,-2.9999999999999996,597012.0643,644773.029444,8.000000000000004,303848.6443,249155.888326,-18.000000000000004,34994.7579,34994.7579,0.0,12924.0,12924.0,0.0,63176.5877,106076.84421500035,67.90530808456494
IMN,IMN,Small Island States,88.3869,83.96755499999999,-5.000000000000008,0.0,0.0,0.0,32.7934,34.43307,5.000000000000008,385.9132,366.61754,-5.0,14.0,14.0,0.0,8.0,8.0,0.0,1.9066,23.981934999999957,1157.8377740480412
IND,IND,Highly agricultural economies,1645602.05,1481041.845,-10.000000000000005,162423.4693,157550.76522099998,-3.0000000000000107,762535.0061,823537.806588,8.000000000000004,285232.6329,233890.758978,-18.000000000000007,34979.256,34979.256,0.0,44652.0,44652.0,0.0,221731.5852,381503.5677130006,72.05648323349494
IRL,IRL,Highly agricultural economies,4881.7703,4393.59327,-9.999999999999996,0.0,0.0,0.0,8279.2221,8941.559868000002,8.000000000000014,51568.1673,42285.897185999995,-18.000000000000014,1278.3845,1278.3845,0.0,1069.0,1069.0,0.0,712.4557,9820.565076000014,1278.4106262326225
IRN,IRN,Very low-forest countries,175945.534,158350.9806,-10.000000000000002,6059.5449,5877.758553,-3.0000000000000036,72481.6583,73931.291466,1.9999999999999998,304635.9158,249801.450956,-18.00000000000001,11210.8377,11210.8377,0.0,7735.0,7735.0,0.0,1046315.509,1117476.680425,6.801119816431962
IRQ,IRQ,Very low-forest countries,51637.3425,46473.60825,-10.000000000000004,38.5192,37.363623999999994,-3.0000000000000093,9147.739,9330.69378,2.0000000000000004,43431.6946,35613.989572,-18.000000000000007,5089.4317,5089.4317,0.0,8017.0,8017.0,0.0,321060.2729,333859.912974,3.9866782515277666
ISL,ISL,Very low-forest countries,1105.5595,995.0035500000001,-9.999999999999993,0.0,0.0,0.0,616.6437,628.976574,2.00000000000001,43467.9333,35643.705305999996,-18.000000000000004,169.9033,169.9033,0.0,1722.0,1722.0,0.0,51849.9602,59772.411270000004,15.27957020495457
ISR,ISR,No specific tweak,3238.0915,2914.28235,-10.000000000000002,2267.7124,2199.681028,-2.9999999999999964,1316.1987,1421.494596,8.000000000000007,2451.1543,2009.946526,-18.000000000000007,1974.0793,1974.0793,0.0,399.0,399.0,0.0,10346.7638,11074.516200000002,7.03362340213083
ITA,ITA,Highly agricultural economies,65137.1409,58623.42681,-10.000000000000002,22352.134,21681.569979999997,-3.0000000000000075,108192.8841,116848.314828,8.000000000000007,69379.4623,56891.15908599999,-18.00000000000001,20019.3762,20019.3762,0.0,3129.0,3129.0,0.0,9945.0026,20962.153196000032,110.78077139969811
JAM,JAM,High-forest countries,1059.1401,953.2260900000001,-9.999999999999996,347.1021,336.689037,-3.0000000000000067,6505.8476,7026.315408,8.000000000000005,2163.2222,1773.842204,-18.000000000000004,521.4448,521.4448,0.0,72.0,72.0,0.0,69.2432,54.48246100000027,-21.317239815606055
JEY,JEY,Small Island States,0.0,0.0,0.0,0.0,0.0,0.0,0.0,0.0,0.0,76.0,72.2,-4.9999999999999964,18.0,18.0,0.0,10.0,10.0,0.0,0.0,3.799999999999997,inf
JOR,JOR,Very low-forest countries,3645.0116,3280.51044,-9.999999999999995,85.8673,83.291281,-3.0000000000000027,978.753,998.32806,2.000000000000001,7528.2684,6173.180087999999,-18.00000000000001,1511.5635,1511.5635,0.0,587.0,587.0,0.0,74708.5362,76411.126631,2.2789770990051927
JPN,JPN,High-forest countries,38863.41,34145.63783632987,-12.139367501899939,705.1711,667.7563944379949,-5.30576275204771,248856.265,262376.02612817765,5.432758997720082,20258.5876,16217.161138271298,-19.949201501731054,45795.0,44706.41850278325,-2.3770750021110385,3641.0,3641.0,0.0,3634.5663,0.0,-100.0
KAZ,KAZ,Very low-forest countries,322277.322,290049.5898,-9.999999999999991,37.1899,36.074203,-3.0000000000000115,43863.0559,44740.317018,2.000000000000005,1943163.597,1593394.14954,-18.000000000000007,11259.1877,11259.1877,0.0,47737.0,47737.0,0.0,349787.6475,730908.6817390004,108.95783111923652
KEN,KEN,Highly agricultural economies,68868.9135,61982.02215,-9.999999999999998,6911.6831,6704.332607,-2.9999999999999987,33960.5281,36677.370348000004,8.000000000000002,462831.4268,379521.769976,-18.0,1116.4815,1116.4815,0.0,12984.0,12984.0,0.0,9253.967,96941.02341899998,947.5618015387344
KGZ,KGZ,Highly agricultural economies,13829.6886,12446.71974,-9.999999999999993,192.4814,186.70695800000001,-2.9999999999999964,15425.4706,16659.508248000002,8.000000000000009,90816.6365,74469.64192999998,-18.000000000000014,2148.7382,2148.7382,0.0,7191.0,7191.0,0.0,69499.9848,86001.68502400005,23.74345875252629
KHM,KHM,Highly agricultural economies,51256.9995,46131.299549999996,-10.000000000000005,4832.4369,4687.463793,-2.999999999999996,64592.7748,69760.196784,8.000000000000002,45338.3035,37177.40887,-18.000000000000004,3169.4665,3169.4665,0.0,4045.0,4045.0,0.0,8319.0189,16583.16460300002,99.34038860039158
KIR,KIR,Small Island States,0.0,0.0,0.0,0.0,0.0,0.0,0.0,0.0,0.0,1.0,0.95,-5.000000000000004,0.0,0.0,0.0,146.0,146.0,0.0,273.0,273.05,0.01831501831502248
KNA,KNA,Small Island States,3.6284,3.44698,-5.0000000000000036,0.0,0.0,0.0,84.0,88.2,5.000000000000003,70.3408,66.82376,-5.000000000000012,36.0309,36.0309,0.0,16.0,16.0,0.0,1.0,0.498460000000033,-50.1539999999967
KOR,KOR,High-forest countries,12736.6399,11462.975910000001,-9.999999999999993,687.6456,667.016232,-3.0000000000000004,62732.4021,67750.99426800001,8.000000000000016,2798.9272,2295.120304,-18.000000000000004,12044.9967,12044.9967,0.0,1054.0,1054.0,0.0,3524.3885,303.8965860000085,-91.37732443514646
KWT,KWT,Very low-forest countries,146.1716,131.55444000000003,-9.999999999999988,126.9208,123.113176,-3.0000000000000036,27.1468,27.689736,2.0000000000000036,1443.0977,1183.3401139999999,-18.00000000000001,691.3261,691.3261,0.0,39.0,39.0,0.0,14729.337,15006.976434000002,1.8849418273205538
LAO,LAO,High-forest countries,15407.8053,13867.02477,-10.0,3728.6312,3616.7722639999997,-3.000000000000002,154774.2041,167156.140428,8.000000000000007,47135.8947,38651.43365399999,-18.00000000000001,1250.6468,1250.6468,0.0,2200.0,2200.0,0.0,4960.8179,2715.9820840000284,-45.251324705951646
LBN,LBN,Highly agricultural economies,1727.0866,1554.37794,-10.0,983.5587,954.0519390000001,-2.9999999999999982,1387.0445,1498.0080600000001,8.00000000000001,3973.9736,3258.6583519999995,-18.00000000000001,1486.6227,1486.6227,0.0,59.0,59.0,0.0,237.7139,1044.281009,339.3016180374812
LBR,LBR,High-forest countries,2495.7591,2230.715169867004,-10.619772162024617,446.1341,429.7700053240155,-3.667976663515413,67678.7873,72589.74514406252,7.256273405570492,24190.6387,19699.723720141763,-18.56468130317798,546.8115,543.0459606047232,-0.6886357355828922,196.0,196.0,0.0,134.8693,0.0,-100.0
LBY,LBY,Very low-forest countries,18869.9214,16982.92926,-9.999999999999993,0.0,0.0,0.0,2000.0,2040.0,2.0,51214.4655,41995.86171,-18.000000000000004,1665.5357,1665.5357,0.0,192.0,192.0,0.0,1554792.077,1565857.67293,0.7117090505986567
LCA,LCA,Small Island States,3.0,2.8499999999999996,-5.000000000000012,42.0012,40.741164,-2.9999999999999987,211.0,221.55,5.000000000000005,184.4061,175.185795,-4.999999999999997,98.5926,98.5926,0.0,5.0,5.0,0.0,1.0,1.0803410000000713,8.034100000007127
LIE,LIE,Small Island States,21.5456,20.46832,-5.000000000000008,0.0,0.0,0.0,50.1243,52.630515,5.000000000000009,46.3301,44.013595,-4.999999999999998,22.0,22.0,0.0,0.0,0.0,0.0,1.0,1.8875699999999926,88.75699999999927
LKA,LKA,Highly agricultural economies,26656.014,23990.4126,-10.0,10419.8376,10107.242472,-3.000000000000008,14888.5741,16079.660028,8.000000000000004,9090.5697,7454.267153999999,-18.000000000000007,1441.5862,1441.5862,0.0,1103.0,1103.0,0.0,1470.4183,4893.831445999995,232.81899756008167
LSO,LSO,Very low-forest countries,5008.2233,4507.40097,-10.0,0.0,0.0,0.0,355.0207,362.121114,2.0000000000000004,24343.572,19961.72904,-18.000000000000007,209.3951,209.3951,0.0,27.0,27.0,0.0,144.7888,5020.353675999998,3367.36327395489
LTU,LTU,Highly agricultural economies,20358.16,18322.344,-9.999999999999995,1.5864,1.538808,-3.000000000000005,24245.1361,26184.746988000003,8.000000000000012,17168.7195,14078.349989999999,-18.000000000000004,1705.7582,1705.7582,0.0,673.0,673.0,0.0,358.6398,3545.262013999987,888.5299997378951
LUX,LUX,Highly agricultural economies,638.2427,574.4184300000001,-9.999999999999993,0.0,0.0,0.0,822.7512,888.5712960000001,8.000000000000004,870.243,713.59926,-18.00000000000001,289.7631,289.7631,0.0,0.0,0.0,0.0,2.0,156.64791399999964,7732.395699999982
LVA,LVA,High-forest countries,11988.6476,10789.78284,-10.000000000000004,17.3221,16.802436999999998,-3.000000000000008,35591.1682,38438.461656,7.999999999999999,14995.1114,12295.991348,-18.000000000000004,439.0488,439.0488,0.0,822.0,822.0,0.0,277.702,1328.9130189999976,378.5392323425822
MAC,MAC,Small Island States,0.0,0.0,0.0,0.0,0.0,0.0,4.0,4.162162162162162,4.054054054054057,0.0,0.0,0.0,18.0,17.83783783783784,-0.9009009009008966,0.0,0.0,0.0,0.0,0.0,0.0
MAR,MAR,Highly agricultural economies,104136.7503,93723.07527,-10.0,26056.4228,25274.730116,-3.0000000000000053,41117.8379,44407.264932,7.999999999999999,192184.6081,157591.378642,-18.000000000000007,2218.1177,2218.1177,0.0,808.0,808.0,0.0,214481.2632,256980.43334000008,19.814863781537113
MCO,MCO,Small Island States,0.0,0.0,0.0,0.0,0.0,0.0,7.6943,7.961146593039987,3.468107469685183,3.7217,3.484032312299342,-6.38599800361818,2.0,1.9708210946606701,-1.4589452669664937,0.0,0.0,0.0,0.0,0.0,0.0
MDA,MDA,Highly agricultural economies,12754.2002,11478.78018,-9.999999999999998,4196.7778,4070.8744659999998,-3.000000000000002,4662.4564,5035.452912000001,8.000000000000012,8817.4933,7230.3445059999995,-18.000000000000007,2580.0,2580.0,0.0,161.0,161.0,0.0,16.0723,2631.547936000001,16273.18825557015
MDG,MDG,Highly agricultural economies,42220.8926,37998.80334,-10.000000000000002,1140.6207,1106.402079,-2.9999999999999987,112484.5636,121483.32868800001,8.000000000000014,431944.6903,354194.646046,-18.000000000000004,177.9431,177.9431,0.0,2476.0,2476.0,0.0,227.2897,73234.87674699999,32120.93950891747
MDV,MDV,No specific tweak,0.0,0.0,0.0,0.0,0.0,0.0,0.0,0.0,0.0,0.0,0.0,0.0,0.0,0.0,0.0,4.0,4.0,0.0,0.0,0.0,0.0
MEX,MEX,Highly agricultural economies,217557.0146,195801.31314,-9.999999999999993,31694.7497,30743.907209,-2.9999999999999982,631491.7265,682011.0646200001,8.000000000000014,947702.9035,777116.38087,-18.000000000000004,18177.3092,18177.3092,0.0,12317.0,12317.0,0.0,95170.2965,237944.02496099978,150.01921157301405
MHL,MHL,No specific tweak,0.0,0.0,0.0,0.0,0.0,0.0,0.0,0.0,0.0,0.0,0.0,0.0,0.0,0.0,0.0,2.0,2.0,0.0,0.0,0.0,0.0
MKD,MKD,Highly agricultural economies,4122.419,3710.1771,-10.0,341.1312,330.89726399999995,-3.0000000000000084,10437.8299,11272.856292000002,8.000000000000014,9353.6687,7670.008334,-18.0,361.427,361.427,0.0,550.0,550.0,0.0,252.5243,1523.6341099999981,503.36138343913757
MLI,MLI,No specific tweak,80680.3659,72612.32931,-10.000000000000004,25.4654,24.701438,-2.9999999999999973,77282.1453,83464.71692400001,8.000000000000004,462989.3472,379651.264704,-18.00000000000001,1206.0768,1206.0768,0.0,2953.0,2953.0,0.0,636052.5995,721276.910924,13.398940825176197
MLT,MLT,Small Island States,56.8475,54.00512499999999,-5.000000000000007,11.4626,11.118722,-3.000000000000001,12.0052,12.245304,2.0000000000000044,16.6112,15.78064,-5.000000000000001,129.1841,129.1841,0.0,5.0,5.0,0.0,25.8894,29.666108999999977,14.587858351294273
MMR,MMR,Highly agricultural economies,122638.3817,110374.54353,-10.000000000000002,15086.77,14634.1669,-3.0000000000000018,230093.7791,248501.28142800005,8.000000000000012,253047.2377,207498.73491399997,-18.00000000000001,4028.8564,4028.8564,0.0,6785.0,6785.0,0.0,30046.9751,69904.41682799983,132.65043018589859
MNE,MNE,High-forest countries,283.0743,254.76687,-9.999999999999993,60.0961,58.293217,-3.000000000000002,8667.5448,9360.948384,7.9999999999999964,4134.043,3389.9152599999993,-18.00000000000001,138.4136,138.4136,0.0,224.0,224.0,0.0,103.8282,184.6626689999985,77.85405987968441
MNG,MNG,Highly agricultural economies,15990.0841,14391.07569,-10.000000000000002,0.0,0.0,0.0,147922.6942,159756.509736,8.000000000000005,839625.788,688493.1461599999,-18.000000000000007,277.5281,277.5281,0.0,13421.0,13421.0,0.0,546661.9057,687559.7404139999,25.774218624870223
MNP,MNP,Small Island States,1.0918,1.03721,-5.000000000000012,0.0,0.0,0.0,162.3962,170.51601,5.000000000000001,0.9882,0.9387899999999999,-5.000000000000006,19.0085,19.0085,0.0,38.0,38.0,0.0,93.5152,85.49939000000003,-8.571665354936908
MOZ,MOZ,Highly agricultural economies,89280.7239,80352.65151,-10.000000000000002,21.0,20.37,-2.9999999999999956,317047.9718,342411.809544,8.000000000000005,370130.4458,303506.96555599995,-18.00000000000001,1339.1731,1339.1731,0.0,12862.0,12862.0,0.0,0.6854,50189.03028999991,7322489.770936666
MRT,MRT,Very low-forest countries,3282.2056,2953.98504,-9.999999999999993,0.0,0.0,0.0,1501.341,1531.36782,2.000000000000003,317660.4025,260481.53005,-18.000000000000004,93.5924,93.5924,0.0,399.0,399.0,0.0,716789.4585,774266.52469,8.018681847007107
MSR,MSR,Small Island States,0.0,0.0,0.0,0.0,0.0,0.0,25.0,26.25,5.0,16.0,15.2,-5.000000000000004,3.0,3.0,0.0,1.0,1.0,0.0,31.0,30.55,-1.451612903225804
MUS,MUS,Highly agricultural economies,705.8876,635.29884,-9.999999999999996,0.0,0.0,0.0,340.5407,367.78395600000005,8.000000000000009,426.354,349.61028,-18.0,13.0,13.0,0.0,43.0,43.0,0.0,285.2176,405.306824,42.10442272847118
MWI,MWI,Highly agricultural economies,21672.5774,19505.319659999997,-10.000000000000005,32272.9865,31304.796905,-2.9999999999999996,22850.523,24678.564840000003,8.000000000000007,19101.6179,15663.326678,-18.000000000000007,403.2951,403.2951,0.0,23776.0,23776.0,0.0,0.0,4745.696716999999,inf
MYS,MYS,No specific tweak,4365.1583,3928.6424700000002,-9.999999999999996,135577.7159,131510.384423,-2.9999999999999996,135348.5312,146176.413696,8.000000000000004,18040.4021,14793.129721999998,-18.000000000000007,17281.9885,17281.9885,0.0,2388.0,2388.0,0.0,12076.204,8999.441189000067,-25.47789695337983
NAM,NAM,Very low-forest countries,8208.0276,7387.22484,-9.999999999999995,11.0,10.67,-3.0000000000000004,21824.6584,22261.151568,2.000000000000004,633657.1081,519598.8286419999,-18.000000000000007,315.375,315.375,0.0,309.0,309.0,0.0,161130.8309,275573.7499500001,71.02484261440006
NCL,NCL,No specific tweak,88.2094,79.38846000000001,-9.999999999999993,110.7796,107.456212,-3.0000000000000075,8323.0932,8988.940656,8.000000000000016,8131.8217,6668.093794,-18.0,131.8678,131.8678,0.0,171.0,171.0,0.0,695.2283,1505.2530779999965,116.51205481710059
NER,NER,Very low-forest countries,194278.7526,174850.87734,-10.0,0.0,0.0,0.0,3190.3959,3254.203818,1.9999999999999991,321467.8336,263603.623552,-18.00000000000001,508.6032,508.6032,0.0,423.0,423.0,0.0,667817.4146,745045.6919900001,11.564280251100847
NFK,NFK,Small Island States,0.0,0.0,0.0,0.0,0.0,0.0,0.0,0.0,0.0,0.0,0.0,0.0,0.0,0.0,0.0,0.0,0.0,0.0,23.0,23.0,0.0
NGA,NGA,Highly agricultural economies,468191.844,421372.6596,-9.999999999999993,46579.1794,45181.804018,-2.9999999999999964,139473.2987,150631.16259600004,8.000000000000016,242875.0367,199157.530094,-18.000000000000004,9210.6412,9210.6412,0.0,5940.0,5940.0,0.0,0.0,80776.20249200007,inf
NIC,NIC,Highly agricultural economies,9210.4529,8289.40761,-10.0,3673.102,3562.90894,-3.0000000000000018,21309.4956,23014.255248,8.000000000000014,83673.0195,68611.87598999999,-18.000000000000014,671.8342,671.8342,0.0,9665.0,9665.0,0.0,415.0957,14802.717912000013,3466.0976280891396
NIU,NIU,Small Island States,0.0,0.0,0.0,15.7871,14.86517044926581,-5.839765065998132,148.3429,151.20002505701754,1.92602750587831,24.8701,22.934904493716637,-7.78121320896725,0.0,0.0,0.0,3.0,3.0,0.0,0.0,0.0,0.0
NLD,NLD,Highly agricultural economies,11039.3094,9935.37846,-10.000000000000002,4.3111,4.181767,-2.9999999999999987,4027.0579,4349.222532,8.0,11654.918,9557.03276,-17.999999999999996,6756.5844,6756.5844,0.0,3054.0,3054.0,0.0,308.8192,3188.600081000001,932.5135487042259
NPL,NPL,No specific tweak,24542.5388,22088.28492,-10.000000000000002,1959.221,1900.44437,-3.0000000000000036,61644.4701,66576.02770800001,8.000000000000016,35147.8325,28821.222649999996,-18.000000000000004,521.4012,521.4012,0.0,342.0,342.0,0.0,23373.5363,27281.619051999987,16.720117580154046
NRU,NRU,Small Island States,0.0,0.0,0.0,0.0,0.0,0.0,0.0,0.0,0.0,6.0,5.699999999999999,-5.000000000000012,1.0,1.0,0.0,3.0,3.0,0.0,9.0,9.3,3.333333333333341
NZL,NZL,No specific tweak,7589.9902,6830.99118,-10.000000000000002,14.4176,13.985072,-2.9999999999999973,100827.5136,108893.71468800001,8.000000000000002,110986.8123,91009.186086,-18.000000000000004,3166.1465,3166.1465,0.0,4777.0,4777.0,0.0,33352.1196,46022.976274000015,37.991158660872685
OMN,OMN,Very low-forest countries,671.694,604.5246,-10.0,563.2659,546.367923,-2.9999999999999947,73.9898,75.46959600000001,2.00000000000001,17100.1969,14022.161457999999,-18.000000000000004,984.4422,984.4422,0.0,149.0,149.0,0.0,291793.4112,294954.034223,1.083171484236729
PAK,PAK,No specific tweak,310961.0895,279864.98055000004,-9.99999999999999,15011.5515,14561.204955,-3.000000000000002,45003.1426,48603.394008,8.000000000000009,89294.2768,73221.306976,-18.0,5814.2113,5814.2113,0.0,10614.0,10614.0,0.0,397459.7283,441478.9022109999,11.075128063735432
PAN,PAN,High-forest countries,6175.3097,5557.77873,-9.999999999999996,486.6816,472.081152,-3.0000000000000058,38280.4957,41342.935356,8.000000000000005,25654.4687,21036.664334,-18.0,1085.0715,1085.0715,0.0,840.0,840.0,0.0,576.9728,2764.468928000012,379.13331928299084
PCN,PCN,Small Island States,0.0,0.0,0.0,0.0,0.0,0.0,26.0,26.0,0.0,0.0,0.0,0.0,0.0,0.0,0.0,3.0,3.0,0.0,0.0,0.0,0.0
PER,PER,High-forest countries,33754.9082,30379.41738,-9.999999999999998,22742.0767,22059.814399000003,-2.9999999999999947,696846.4109,752594.1237720001,8.000000000000009,319266.8888,261798.84881599998,-18.00000000000001,3613.4558,3613.4558,0.0,11696.0,11696.0,0.0,208274.2597,214052.33993300016,2.7742651642708784
PHL,PHL,Highly agricultural economies,93717.1249,84345.41241,-9.999999999999991,78387.1984,76035.58244799999,-3.0000000000000098,64472.7646,69630.585768,8.000000000000004,29677.6421,24335.666522,-18.000000000000004,7057.7662,7057.7662,0.0,4623.0,4623.0,0.0,2580.5038,14487.986651999969,461.4402370575842
PLW,PLW,Small Island States,16.7878,15.275878833649733,-9.006070874982235,0.0,0.0,0.0,264.2122,265.72412116635024,0.5722374539670191,0.0,0.0,0.0,0.0,0.0,0.0,2.0,2.0,0.0,0.0,0.0,0.0
PNG,PNG,High-forest countries,8244.7946,7246.118412791067,-12.112808573896212,9994.8809,9467.437229013625,-5.277138129643695,359320.2948,378955.81838845974,5.464629711324551,73044.9424,58490.73516713744,-19.92500336732767,458.6581,447.890802598145,-2.347565082106909,3127.0,3127.0,0.0,3544.4292,0.0,-100.0
POL,POL,Highly agricultural economies,98138.7135,88324.84215,-10.000000000000002,11.4423,11.099030999999998,-3.00000000000001,105945.3419,114420.96925200001,8.00000000000001,85820.0487,70372.439934,-18.000000000000004,17511.0549,17511.0549,0.0,2767.0,2767.0,0.0,2220.3986,19006.59463300003,755.9992171225485
PRI,PRI,High-forest countries,229.1301,200.51021269341868,-12.490671154327309,94.8655,89.47297498378762,-5.684390021886117,5708.0347,5994.075427497728,5.011194614807227,979.6886,781.1127925364497,-20.269278162831565,1595.9966,1551.8287922886168,-2.767412393697026,78.9998,78.9998,0.0,9.2847,0.0,-100.0
PRK,PRK,No specific tweak,22609.8109,20348.82981,-10.000000000000005,0.0,0.0,0.0,55812.4438,60277.43930400001,8.00000000000001,31356.3203,25712.182645999997,-18.000000000000007,1541.715,1541.715,0.0,1290.0,1290.0,0.0,8870.71,12310.833239999985,38.78069782463846
PRT,PRT,Highly agricultural economies,12545.5539,11290.998510000001,-9.999999999999995,3113.1797,3019.784309,-3.0000000000000004,32987.7789,35626.801212,8.000000000000004,36290.7577,29758.421314,-18.000000000000007,2842.2277,2842.2277,0.0,793.0,793.0,0.0,1376.502,6617.766854999999,380.76696256162353
PRY,PRY,Highly agricultural economies,63438.5759,57094.718310000004,-10.0,2.025,1.9642499999999998,-3.000000000000004,115936.7595,125211.70026000001,8.00000000000001,216914.7787,177870.11853399998,-18.000000000000007,454.4856,454.4856,0.0,3601.0,3601.0,0.0,1456.3754,37570.013146000085,2479.6929243655236
PSE,PSE,Very low-forest countries,1363.6417,1227.2775299999998,-10.000000000000005,108.9125,105.645125,-3.0000000000000013,110.7047,112.918794,2.0000000000000027,3194.4752,2619.4696639999997,-18.000000000000004,961.6041,961.6041,0.0,169.0,169.0,0.0,405.6618,1118.084787,175.61993438869519
PYF,PYF,High-forest countries,0.0,0.0,0.0,0.0,0.0,0.0,1293.0,1396.44,8.000000000000004,428.0,350.96,-18.000000000000004,62.0,62.0,0.0,109.0,109.0,0.0,33.0,6.599999999999987,-80.00000000000004
QAT,QAT,Very low-forest countries,399.3842,359.44578,-10.000000000000002,0.0,0.0,0.0,0.0,0.0,0.0,500.0,410.0,-18.0,986.3809,986.3809,0.0,42.0,42.0,0.0,8882.2349,9012.17332,1.4629023152720315
ROU,ROU,Highly agricultural economies,92968.1527,83671.33743000001,-9.999999999999991,221.9796,215.320212,-3.000000000000003,74784.0151,80766.736308,8.000000000000004,59970.1401,49175.514881999996,-18.000000000000004,5923.2691,5923.2691,0.0,1669.0,1669.0,0.0,693.4433,14808.821967999995,2035.5490734426294
RUS,RUS,High-forest countries,1287053.846,1158348.4614,-10.0,950.4298,921.9169059999999,-3.000000000000008,8402112.948,9074281.983840002,8.00000000000001,6179921.987,5067536.02934,-18.0,67876.6777,67876.6777,0.0,326086.0,326086.0,0.0,586960.1119,1155910.9312139982,96.93176891906583
RWA,RWA,Highly agricultural economies,9135.9033,8222.31297,-9.99999999999999,4877.0096,4730.699312,-3.0000000000000115,2767.2245,2988.60246,8.00000000000001,6573.7865,5390.50493,-18.000000000000004,294.3022,294.3022,0.0,1760.0,1760.0,0.0,31.7739,2053.578128000001,6363.097473083257
SAU,SAU,Very low-forest countries,35479.1777,31931.25993,-10.0,1165.4417,1130.478449,-3.0000000000000107,3688.3179,3762.084258,1.9999999999999962,72059.3442,59088.662244,-18.000000000000007,4973.6319,4973.6319,0.0,391.0,391.0,0.0,1809634.087,1826113.883619,0.9106701038285598
SDN,SDN,Very low-forest countries,253236.6826,227913.01434,-10.000000000000002,0.0,0.0,0.0,27319.4611,27865.850322000002,2.0000000000000058,526333.0094,431593.06770799996,-18.000000000000004,1287.0266,1287.0266,0.0,4666.0,4666.0,0.0,1053469.82,1172987.0407300002,11.345101535988963
SEN,SEN,Highly agricultural economies,30075.3125,27067.78125,-10.0,0.0,0.0,0.0,50098.6473,54106.539084000004,8.000000000000014,111612.4329,91522.194978,-18.0,1115.4234,1115.4234,0.0,1851.0,1851.0,0.0,2564.1839,21654.061288,744.4816024310893
SGP,SGP,Small Island States,0.0,0.0,0.0,0.0,0.0,0.0,91.9352,95.70359677865062,4.098970556055381,0.0223,0.021003206583143173,-5.8152171159499,360.3678,357.2754000147662,-0.8581232799472602,16.0,16.0,0.0,0.6747,0.0,-100.0
SHN,SHN,Small Island States,0.0,0.0,0.0,0.0,0.0,0.0,5.0,5.1,1.9999999999999927,72.0,68.39999999999999,-5.000000000000012,0.0,0.0,0.0,5.0,5.0,0.0,88.0,91.50000000000001,3.977272727272743
SLB,SLB,High-forest countries,47.5747,40.04763625230326,-15.821568496904314,140.3967,127.37580860427059,-9.274357157774663,22798.5706,23029.774963447093,1.014117803714825,708.4833,543.3776734545833,-23.304095741623936,23.9747,22.423918241747423,-6.468409441004792,288.0,288.0,0.0,44.0,0.0,-100.0
SLE,SLE,Highly agricultural economies,7798.5073,7018.65657,-10.0,303.7539,294.641283,-3.0000000000000004,19135.6427,20666.494116,8.000000000000007,43875.5152,35977.922463999996,-18.000000000000014,328.5056,328.5056,0.0,237.0,237.0,0.0,148.0753,7303.779967000005,4832.476899928621
SLV,SLV,Highly agricultural economies,3685.2621,3316.73589,-10.0,1434.9445,1391.896165,-2.9999999999999964,4833.0965,5219.74422,7.999999999999999,9229.7201,7568.370482,-18.000000000000004,758.6349,758.6349,0.0,329.0,329.0,0.0,80.3419,1766.6183429999985,2098.8754846474862
SMR,SMR,Small Island States,30.1522,28.64459,-4.999999999999999,0.0,0.0,0.0,10.0,10.5,5.0,9.2702,8.80669,-5.000000000000012,17.0,17.0,0.0,0.0,0.0,0.0,0.5776,2.048720000000022,254.6952908587296
SOM,SOM,Very low-forest countries,11096.411,9986.769900000001,-9.999999999999991,0.0,0.0,0.0,3788.0877,3863.849454,2.0000000000000027,418042.6916,342795.007112,-18.0,249.3257,249.3257,0.0,267.0,267.0,0.0,40187.4839,116469.04773399996,189.81423177378858
SPM,SPM,Small Island States,0.0,0.0,0.0,0.0,0.0,0.0,8.0,8.4,5.000000000000004,133.0,126.35,-5.000000000000004,5.0,5.0,0.0,13.0,13.0,0.0,3.0,9.250000000000002,208.3333333333334
SRB,SRB,Highly agricultural economies,21762.2162,19585.99458,-10.000000000000002,3446.2401,3342.8528969999998,-3.0000000000000067,26472.3442,28590.131736000003,8.000000000000012,21738.2162,17825.337283999997,-18.000000000000007,3128.6618,3128.6618,0.0,608.0,608.0,0.0,506.3215,4581.021703000004,804.7653917520793
SSD,SSD,Highly agricultural economies,10835.8267,9752.24403,-9.999999999999998,112.1432,108.778904,-2.9999999999999964,64109.3926,69238.144008,8.000000000000005,549316.4136,450439.45915199997,-18.000000000000004,274.2872,274.2872,0.0,409.0,409.0,0.0,313.9367,95149.086706,30208.366847839072
STP,STP,Small Island States,5.722,5.4359,-5.0000000000000036,82.3007,79.83167900000001,-2.9999999999999973,476.8492,500.69166,5.0000000000000036,243.7122,231.52659,-4.999999999999999,45.8791,45.8791,0.0,5.0,5.0,0.0,81.5368,72.63507100000002,-10.917437279853974
SUR,SUR,High-forest countries,726.658,608.0482933647,-16.322631366516294,5.2033,4.692627762714307,-9.814391583911997,141213.8538,141796.84440692974,0.41284236018047715,1785.4315,1361.2019114685966,-23.760619689492618,107.7848,100.2127604742924,-7.025145962795875,1825.0,1825.0,0.0,32.0686,0.0,-100.0
SVK,SVK,Highly agricultural economies,12359.6019,11123.64171,-10.0,25.9343,25.156271,-3.0000000000000004,19942.5577,21537.962316,7.999999999999999,12857.5322,10543.176404,-18.0,2956.2306,2956.2306,0.0,202.0,202.0,0.0,103.1433,2058.832699000003,1896.0896141581693
SVN,SVN,High-forest countries,2221.2772,1999.14948,-9.999999999999998,0.0,0.0,0.0,12340.1753,13327.389324000002,8.000000000000005,4899.4937,4017.584834,-18.000000000000004,520.3061,520.3061,0.0,20.0,20.0,0.0,214.7477,331.5702620000021,54.39991301420323
SWE,SWE,High-forest countries,25336.1542,22794.69681437042,-10.0309516810155,17.8371,17.296036715749352,-3.033359033983368,302958.7743,327082.9512438842,7.962857982781399,72341.8263,59299.89686679991,-18.028200420480804,3674.4227,3673.159038229705,-0.03439075668390383,28737.0,28737.0,0.0,8538.9854,0.0,-100.0
SWZ,SWZ,Highly agricultural economies,1887.7835,1699.00515,-10.000000000000002,20.1362,19.532114,-2.9999999999999942,5053.3603,5457.629124000001,8.000000000000012,9989.7309,8191.579338,-18.000000000000007,29.9892,29.9892,0.0,49.0,49.0,0.0,0.0,1583.2651740000001,inf
SXM,SXM,Small Island States,0.0,0.0,0.0,0.0,0.0,0.0,14.0,14.22008630721771,1.5720450515550661,0.5004,0.45986017882484037,-8.101483048593042,5.4996,5.32005351395745,-3.264718998518991,2.0,2.0,0.0,0.0,0.0,0.0
SYC,SYC,Small Island States,0.0,0.0,0.0,0.0,0.0,0.0,103.0,103.09350885156604,0.09078529278256553,0.0,0.0,0.0,2.0,1.9064911484339535,-4.675442578302325,7.0,7.0,0.0,0.0,0.0,0.0
SYR,SYR,Very low-forest countries,58789.5965,52910.63685,-9.999999999999995,2073.6307,2011.421779,-3.0000000000000067,4592.1019,4683.943937999999,1.9999999999999951,83950.2034,68839.16678799999,-18.000000000000014,1878.3129,1878.3129,0.0,1355.0,1355.0,0.0,33685.1547,54645.517845,62.224333928916174
TCA,TCA,Small Island States,0.0,0.0,0.0,0.0,0.0,0.0,67.0,70.35000000000001,5.000000000000012,93.0359,88.38410499999999,-5.000000000000008,40.9641,40.9641,0.0,45.0,45.0,0.0,31.0,32.301795,4.199338709677415
TCD,TCD,Very low-forest countries,75761.853,68185.6677,-9.999999999999996,0.0,0.0,0.0,35363.9213,36071.199726,1.9999999999999918,505280.0212,414329.617384,-18.000000000000004,365.6317,365.6317,0.0,2530.0,2530.0,0.0,654553.5728,752372.8834899999,14.944431556848109
TGO,TGO,Highly agricultural economies,28754.0632,25878.656880000002,-9.999999999999993,11761.1908,11408.355076,-3.000000000000004,5810.8284,6275.6946720000005,8.000000000000004,9936.6968,8148.091375999999,-18.000000000000004,778.2207,778.2207,0.0,125.0,125.0,0.0,0.0,4551.981196000001,inf
THA,THA,Highly agricultural economies,173295.7186,155966.14674,-9.999999999999998,140579.7479,136362.35546299999,-3.0000000000000018,129895.1969,140286.812652,7.999999999999999,37768.7008,30970.334655999995,-18.00000000000001,17538.5301,17538.5301,0.0,4852.0,4852.0,0.0,10741.1059,28694.820588999937,167.1495920080253
TJK,TJK,Very low-forest countries,9178.0955,8260.28595,-10.0,729.7676,707.874572,-3.0000000000000098,4445.7461,4534.661022,1.9999999999999982,44598.9186,36571.113251999996,-18.000000000000004,2095.1693,2095.1693,0.0,1659.0,1659.0,0.0,79891.3029,88769.895904,11.113341104366956
TKM,TKM,Very low-forest countries,25910.7993,23319.71937,-10.0,57.7475,56.015075,-2.9999999999999987,332.8464,339.503328,1.999999999999998,295809.6211,242563.88930199997,-18.000000000000007,3119.2513,3119.2513,0.0,6782.0,6782.0,0.0,138828.7344,194660.62162500003,40.21637701034898
TLS,TLS,High-forest countries,2145.6457,1931.08113,-10.0,917.6481,890.118657,-3.0000000000000018,7355.3661,7943.7953880000005,8.000000000000004,3579.943,2935.55326,-18.000000000000004,70.3278,70.3278,0.0,91.0,91.0,0.0,474.0693,772.1237650000005,62.871496846558195
TON,TON,Small Island States,0.0,0.0,0.0,0.0,0.0,0.0,31.0,32.550000000000004,5.000000000000013,252.0,239.39999999999998,-5.000000000000009,33.0,33.0,0.0,35.0,35.0,0.0,0.0,11.050000000000011,inf
TTO,TTO,No specific tweak,37.8242,34.041779999999996,-10.000000000000005,598.7775,580.814175,-3.000000000000009,2158.4979,2331.177732,8.000000000000012,866.9222,710.8762039999999,-18.000000000000007,1131.0686,1131.0686,0.0,38.0,38.0,0.0,98.9096,104.02150899999977,5.1682637479069475
TUN,TUN,Highly agricultural economies,36622.0164,32959.81476,-9.999999999999998,13620.2108,13211.604476,-3.0000000000000018,10808.1944,11672.849952,8.000000000000002,42599.1207,34931.278974,-17.999999999999996,1642.7085,1642.7085,0.0,680.0,680.0,0.0,49887.7492,60761.74333800001,21.796922716248762
TUR,TUR,Highly agricultural economies,215624.3167,194061.88503,-9.999999999999996,11445.343,11101.98271,-3.0000000000000044,233256.2834,251916.786072,8.000000000000002,193729.8139,158858.447398,-18.000000000000007,8793.679,8793.679,0.0,12844.0,12844.0,0.0,101905.564,140022.21979000006,37.40390052696246
TWN,TWN,Very low-forest countries,950.7823,855.70407,-9.999999999999996,6317.729,6128.1971300000005,-2.999999999999997,0.0,0.0,0.0,19700.1534,16154.125787999998,-18.00000000000001,5040.185,5040.185,0.0,619.0,619.0,0.0,2866.1504,6696.788112000007,133.65096653685745
TZA,TZA,High-forest countries,179055.6992,161150.12928,-10.000000000000005,5061.0024,4909.172328000001,-2.9999999999999947,471191.482,508886.80056000006,8.000000000000009,226079.0724,185384.839368,-18.000000000000007,1884.77,1884.77,0.0,63722.0,63722.0,0.0,58.974,21115.288464000103,35704.40272662547
UGA,UGA,Highly agricultural economies,55012.1307,49510.91763,-9.999999999999996,47771.8624,46338.706527999995,-3.0000000000000067,21549.2406,23273.179848000003,8.00000000000001,80301.0801,65846.88568200001,-17.999999999999996,656.8794,656.8794,0.0,37716.0,37716.0,0.0,62.8068,19727.43091199997,31309.70549685698
UKR,UKR,Highly agricultural economies,339349.1199,305414.20791,-9.999999999999998,4038.4795,3917.3251149999996,-3.0000000000000067,99616.2516,107585.551728,8.000000000000004,101331.0235,83091.43926999999,-18.000000000000007,13671.0,13671.0,0.0,10733.0,10733.0,0.0,1667.1255,45993.475977000046,2658.849047477232
URY,URY,Highly agricultural economies,25340.5654,22806.50886,-9.999999999999991,101.0143,97.98387100000001,-2.999999999999998,31425.4708,33939.508464,7.999999999999999,115352.5743,94589.110926,-18.0,1273.6333,1273.6333,0.0,3169.0,3169.0,0.0,597.7419,21384.254578999982,3477.5063750759286
USA,USA,Highly agricultural economies,1499158.145,1349242.3305000002,-9.999999999999991,11107.2513,10774.033760999999,-3.00000000000001,3246432.694,3506147.3095200006,8.000000000000014,3541080.009,2903685.60738,-18.000000000000004,188580.6009,188580.6009,0.0,276767.0,276767.0,0.0,662851.3006,1190780.1187389996,79.64513574328494
UZB,UZB,Very low-forest countries,39452.5721,35507.31489,-9.999999999999991,5855.3044,5679.645268,-2.999999999999996,10373.8877,10581.365453999999,1.9999999999999958,222308.8461,182293.253802,-18.000000000000004,13005.6413,13005.6413,0.0,8659.0,8659.0,0.0,148703.7485,192632.779386,29.54130701419408
VAT,VAT,Small Island States,0.0,0.0,0.0,0.0,0.0,0.0,0.0,0.0,0.0,0.0,0.0,0.0,1.0,1.0,0.0,0.0,0.0,0.0,0.0,0.0,0.0
VCT,VCT,Small Island States,2.0,1.8492117888965043,-7.539410555174786,0.0,0.0,0.0,253.0,258.5490061686087,2.193283070596318,15.0,13.869088416723784,-7.539410555174773,10.0,9.732693625771077,-2.67306374228923,7.0,7.0,0.0,4.0,0.0,-100.0
VEN,VEN,No specific tweak,44797.9588,40318.16292,-9.999999999999995,2198.5351,2132.579047,-2.9999999999999947,430167.0255,464580.38754,8.000000000000009,404123.5295,331381.29419,-18.000000000000004,5898.219,5898.219,0.0,11167.0,11167.0,0.0,15503.732,58378.357203000036,276.54390054601066
VGB,VGB,Small Island States,0.0,0.0,0.0,0.0,0.0,0.0,34.0,35.363207547169814,4.0094339622641595,22.0,20.702830188679243,-5.896226415094348,7.0,6.933962264150943,-0.9433962264150988,18.0,18.0,0.0,0.0,0.0,0.0
VIR,VIR,Small Island States,0.6312,0.5811001411543979,-7.937239994550394,0.0,0.0,0.0,178.263,181.38897869677936,1.7535768481285268,20.0223,18.433081996571136,-7.9372399945504,48.0835,46.59683916549512,-3.0918315732109387,10.0,10.0,0.0,0.0,0.0,0.0
VNM,VNM,No specific tweak,96669.6718,87002.70462,-9.999999999999993,41162.6349,39927.755852999995,-3.0000000000000053,152807.167,165031.74036,8.000000000000007,11983.7497,9826.674754,-18.000000000000004,10763.4561,10763.4561,0.0,8742.0,8742.0,0.0,5185.3205,6019.668312999956,16.09057362992231
VUT,VUT,Highly agricultural economies,589.9897,530.99073,-9.999999999999998,1237.2121,1200.0957369999999,-3.0000000000000075,4397.8141,4749.639228,8.00000000000001,3887.9802,3188.143764,-18.000000000000004,6.0,6.0,0.0,101.0,101.0,0.0,155.0039,599.1305410000002,286.52610740762026
WLF,WLF,Small Island States,3.0,2.825431034482758,-5.8189655172414,0.0,0.0,0.0,27.0,28.10560344827586,4.094827586206893,16.0,15.068965517241377,-5.818965517241392,0.0,0.0,0.0,20.0,20.0,0.0,0.0,0.0,0.0
WSM,WSM,High-forest countries,0.0,0.0,0.0,0.0,0.0,0.0,1444.6124,1560.1813920000002,8.000000000000014,1125.3876,922.817832,-18.000000000000004,31.0,31.0,0.0,12.0,12.0,0.0,3.0,90.0007759999998,2900.02586666666
YEM,YEM,Very low-forest countries,10820.9733,9738.87597,-10.000000000000005,645.0566,625.704902,-3.0000000000000084,3453.005,3522.0651000000003,2.000000000000004,191451.9968,156990.637376,-17.999999999999996,466.2709,466.2709,0.0,154.0,154.0,0.0,246889.6974,282383.44575199997,14.376358643469246
ZAF,ZAF,Highly agricultural economies,117894.2254,106104.80286,-10.0,3480.5615,3376.1446549999996,-3.0000000000000058,175623.8624,189673.77139200002,8.000000000000005,884593.6062,725366.757084,-18.0,9284.9251,9284.9251,0.0,2855.0,2855.0,0.0,29246.8193,186317.59880900013,537.052518080146
ZMB,ZMB,High-forest countries,43691.7294,39322.55646,-9.999999999999993,9.0,8.73,-2.9999999999999956,436938.7791,471893.881428,8.000000000000002,262473.5677,215228.325514,-18.000000000000004,1585.1002,1585.1002,0.0,12391.0,12391.0,0.0,186.8237,16846.406497999877,8917.27484146812
ZWE,ZWE,Highly agricultural economies,46647.0962,41982.38658,-10.000000000000004,314.3448,304.91445600000003,-2.999999999999997,176420.7982,190534.462056,8.0,163131.9154,133768.170628,-18.000000000000004,823.4814,823.4814,0.0,3529.0,3529.0,0.0,180.364,20104.584880000035,11046.67277283717
